,lambda_value,overlap_0,overlap_1,delta_U_1to0_in_lambda_0_std,delta_U_1to0_in_lambda_1_std
0,0,0.42063799109121236,0.42063799109121874,5.671776727917181,0.8713249696822413
